pants-fire,https://www.politifact.com/factchecks/2022/mar/01/blog-posting/joe-biden-not-holding-medical-device-photo-tweeted/,"President Biden Twitter post, Feb. 18, 2022", ,https://twitter.com/POTUS/status/1494676465299959813,1494676465299959813
pants-fire,https://www.politifact.com/factchecks/2022/feb/22/tweets/no-greenpeace-usa-didnt-place-derogatory-sign-trum/,"Tweet (archived), Feb. 13, 2022", ,https://twitter.com/PaulLeeTeeks/status/1492904978339540998?s=20&t=v6qe6Xy-TFXal30tnKet5Q,1492904978339540998
pants-fire,https://www.politifact.com/factchecks/2022/feb/15/chip-roy/research-submitted-fda-consideration-vaccine-autho/,"Tweet by Rep. Chip Roy, Feb. 1, 2022", ,https://twitter.com/chiproytx/status/1488626453147181068?s=12,1488626453147181068
pants-fire,https://www.politifact.com/factchecks/2022/jan/31/ronny-jackson/ronny-jackson-wrong-unauthorized-immigrant-access-/,"Tweet by Rep. Ronny Jackson, Jan. 16, 2022", ,https://twitter.com/RonnyJacksonTX/status/1482864012517912582,1482864012517912582
pants-fire,https://www.politifact.com/factchecks/2022/jan/10/tom-suozzi/suozzi-calling-hochul-interim-governor-s-misleadin/,"Twitter, tweet, @Tom_Suozzi, Jan. 4, 2022.  ", ,https://twitter.com/Tom_Suozzi/status/1478363631347769346?s=20,1478363631347769346
pants-fire,https://www.politifact.com/factchecks/2021/dec/17/tweets/video-child-giving-biden-vial-blood-drink-doctored/,"Various Tweets (archived), Dec. 16, 2021",https://web.archive.org/web/20211217200348/https://twitter.com/Trump_MAGA2024/status/1471501840701276172,No URL for this!,1471501840701276172
pants-fire,https://www.politifact.com/factchecks/2021/nov/08/lisa-mcclain/gop-lawmakers-pants-fire-claim-infrastructure-bill/,"Lisa McClain, tweet, Nov. 6, 2021", ,https://twitter.com/RepLisaMcClain/status/1456980435444056069,1456980435444056069
pants-fire,https://www.politifact.com/factchecks/2021/oct/31/mary-miller/no-migrant-caravan-tapachula-mexico-not-population/,"Tweet from U.S. Rep. Mary Miller, Oct. 23, 2021", ,https://twitter.com/RepMaryMiller/status/1451972542969827336,1451972542969827336
pants-fire,https://www.politifact.com/factchecks/2021/oct/28/tweets/no-marjorie-taylor-greene-didnt-post-tweet-about-f/,"Twitter post, Oct. 27, 2021 ",https://archive.md/lxamX,https://twitter.com/omgno2trump/status/1453448242088321031?s=21,1453448242088321031
pants-fire,https://www.politifact.com/factchecks/2021/oct/25/viral-image/no-halyna-hutchins-didnt-tweet-about-hillary-clint/,"Halyna Hutchins Twitter account, visited Oct. 25, 2021", ,https://twitter.com/HalynaHutchins,No URL for this!
pants-fire,https://www.politifact.com/factchecks/2021/oct/20/tweets/hoax-twitter-account-sparks-false-rumor-desmond-tu/,"Tweet, Oct. 20, 2021",https://web.archive.org/web/20211020125158/https://twitter.com/BishopSMoreo/status/1450803727548522497,No URL for this!,1450803727548522497
pants-fire,https://www.politifact.com/factchecks/2021/oct/07/tweets/cdc-does-not-show-higher-death-rate-vaccines-covid/,"Twitter, tweet, Oct. 1, 2021 ",https://archive.is/YhXHv,https://twitter.com/AdrianNormanDC/status/1444020458735632384?t=n0OIqrN89ixqPUExMm2O3Q&s=19,1444020458735632384
pants-fire,https://www.politifact.com/factchecks/2021/sep/22/steve-kirsch/no-evidence-pfizer-vaccine-causes-deaths/,"Twitter, Steve Kirsch tweet, Sept. 14, 2021", ,https://twitter.com/stkirsch/status/1437912807442321413,1437912807442321413
pants-fire,https://www.politifact.com/factchecks/2021/aug/24/tweets/conservative-influencers-wrongly-claim-capitol-bom/,"Various tweets, Aug. 19, 2021",No URL for this!, , 
pants-fire,https://www.politifact.com/factchecks/2021/aug/14/rachel-campos-duffy/no-taxpayer-funds-were-not-used-remove-rock-deemed/,"Rachel Campos-Duffy, Twitter, Aug. 7, 2021", ,https://twitter.com/rcamposduffy/status/1424070135325892611?s=11,1424070135325892611
pants-fire,https://www.politifact.com/factchecks/2021/jul/19/tweets/heres-why-olympics-gave-athletes-cardboard-beds/,"Tweet, July 17, 2021", ,https://twitter.com/aravosis/status/1416452187560071178?s=21,1416452187560071178
pants-fire,https://www.politifact.com/factchecks/2021/jun/25/matthew-rosendale/no-juneteenth-national-independence-day-doesnt-rep/,"Tweets, @RepRosendale, June 16, 2021", ,https://twitter.com/RepRosendale/status/1405307656642912256,1405307656642912256
pants-fire,https://www.politifact.com/factchecks/2021/jun/15/terry-mcauliffe/mcauliffe-keeps-repeating-bogus-budget-claim/,"Terry McAuliffe, Twitter, June 10, 2021.", ,https://twitter.com/TerryMcAuliffe/status/1403056372502040576,1403056372502040576
pants-fire,https://www.politifact.com/factchecks/2021/may/28/facebook-posts/no-british-blm-leader-did-not-tweet-about-enslavin/,"Twitter post, Aug. 2, 2020",https://web.archive.org/web/20210524190157/https://twitter.com/SashaJohnsonBLM,No URL for this!, 
pants-fire,https://www.politifact.com/factchecks/2021/may/24/viral-image/no-chelsea-clinton-didnt-tweet-about-bill-gates/,"Chelsea Clinton tweet, Nov. 12, 2013", ,https://twitter.com/ChelseaClinton/status/400315903377539072?s=20,400315903377539072
pants-fire,https://www.politifact.com/factchecks/2021/may/07/facebook-posts/no-chelsea-clinton-didnt-tweet-jesus-would-be-work/,"Tweet (archived), May 7, 2021", ,https://twitter.com/hrkbenowen/status/1390499660842811393,1390499660842811393
pants-fire,https://www.politifact.com/factchecks/2021/apr/29/tweets/no-sen-joni-ernst-did-not-say-liberals-wanted-ban-/,"Keaton Patti tweet, April 28, 2021", ,https://twitter.com/KeatonPatti/status/1387535122971336705,1387535122971336705
pants-fire,https://www.politifact.com/factchecks/2021/mar/31/facebook-posts/no-ben-shapiro-didnt-say-sharing-cupcakes-poor-kid/,"Twitter search, Ben Shapiro, March 31, 2021", ,https://twitter.com/benshapiro,No URL for this!
pants-fire,https://www.politifact.com/factchecks/2021/mar/17/viral-image/no-meghan-markle-didnt-tweet-about-oprah-winfrey-t/,"PolitiFact, ""A fake in 140 characters: How not to get tripped up by hoax Twitter accounts,"" March 14, 2017", ,No URL for this!, 
pants-fire,https://www.politifact.com/factchecks/2021/feb/24/viral-image/no-joe-biden-didnt-tweet-about-coca-cola-and-minor/,"Politwoops, Deleted tweets from Joe Biden, visited Feb. 24, 2021", ,No URL for this!, 
pants-fire,https://www.politifact.com/factchecks/2021/feb/16/kevin-sorbo/yes-california-requires-signature-verification-mai/,"Kevin Sorbo on Twitter (archived), Feb. 15, 2021 ", ,https://twitter.com/ksorbs/status/1361309195660853249?s=20,1361309195660853249
pants-fire,https://www.politifact.com/factchecks/2021/feb/16/mark-pocan/yes-ron-johnson-attended-impeachment-hearings/,"Mark Pocan, tweet, Feb. 12, 2021", ,https://twitter.com/MarkPocan/status/1360244584991883266,1360244584991883266
pants-fire,https://www.politifact.com/factchecks/2021/jan/18/donald-trump-jr/donald-trump-jr-tweets-altered-video-joe-biden-eve/,"Tweet from Donald Trump Jr., Jan. 17, 2021",https://archive.vn/GVc05,https://twitter.com/DonaldJTrumpJr/status/1350824014646808579,1350824014646808579
pants-fire,https://www.politifact.com/factchecks/2021/jan/13/viral-image/no-aoc-didnt-tweet-about-purging-conservative-trai/,"Alexandria Ocasio-Cortez tweet, Nov. 7, 2020",https://archive.is/6OsBu,https://twitter.com/AOC/status/1325121452719235073,1325121452719235073
pants-fire,https://www.politifact.com/factchecks/2021/jan/08/ken-paxton/texas-attorney-general-falsely-states-antifa-storm/,,,,
pants-fire,https://www.politifact.com/factchecks/2021/jan/07/mo-brooks/mo-brooks-claim-antifa-orchestrated-capitol-riots-/,"Twitter, @RepMoBrooks tweet, Jan. 6, 2021; tweet, Jan. 7, 2021", ,https://twitter.com/RepMoBrooks/status/1346899440989310980?s=20,1346899440989310980
pants-fire,https://www.politifact.com/factchecks/2021/jan/07/shannon-grove/high-ranking-california-republican-lawmaker-pushes/,"Image of deleted tweet by Sen. Shannon Grove, Jan. 6, 2021",No URL for this!, , 
pants-fire,https://www.politifact.com/factchecks/2021/jan/06/donald-trump/no-evidence-georgia-happened-find-ballots-hurt-rep/,"Donald J. Trump on Twitter, Jan. 6, 2021", ,https://twitter.com/realDonaldTrump/status/1346818855298072576?s=20,1346818855298072576
pants-fire,https://www.politifact.com/factchecks/2020/dec/30/north-carolina-republican-party/nc-gop-wrong-about-roy-cooper-staying-mansion/,"Tweet by the North Carolina Republican Party on Dec. 27, 2020.", ,https://twitter.com/NCGOP/status/1343195062591696897?s=20,1343195062591696897
pants-fire,https://www.politifact.com/factchecks/2020/dec/22/claudia-tenney/ny-22-some-voters-cast-ballots-mail-and-died-elect/,"Twitter, tweet, @ClaudiaTenney, Dec. 8, 2020. ", ,https://twitter.com/claudiatenney/status/1336484299458158592?s=20,1336484299458158592
pants-fire,https://www.politifact.com/factchecks/2020/dec/18/ted-cruz/mask-guidance-vaccinated-people-based-science/,"Tweet, Dec. 15, 2020", ,https://twitter.com/tedcruz/status/1339066634296844288,1339066634296844288
pants-fire,https://www.politifact.com/factchecks/2020/dec/10/donald-trump/trump-said-no-candidate-has-won-florida-and-ohio-a/,"President Donald Trump, Tweet, Dec. 9, 2020", ,https://mobile.twitter.com/realdonaldtrump/status/1336691981981016066,1336691981981016066
pants-fire,https://www.politifact.com/factchecks/2020/dec/03/tweets/no-gina-haspel-isnt-dead-or-jail/,"A Tweet, Nov. 30, 2020",https://archive.is/tHrYk#selection-2983.120-2983.184,https://twitter.com/166Factor/status/1333516028245061634,1333516028245061634
pants-fire,https://www.politifact.com/factchecks/2020/dec/02/rand-paul/fact-checking-rand-pauls-unsupported-claim-about-f/,"Twitter, @RandPaul tweet, Nov. 29, 2020", ,https://twitter.com/RandPaul/status/1333145534765428737?s=09,1333145534765428737
pants-fire,https://www.politifact.com/factchecks/2020/nov/23/donald-trump/no-there-have-not-been-more-votes-people-who-voted/,"Donald Trump, tweet, Nov. 22, 2020", ,https://twitter.com/realDonaldTrump/status/1330732289018503170,1330732289018503170
pants-fire,https://www.politifact.com/factchecks/2020/nov/20/donald-trump/trump-again-flat-wrong-claims-about-wisconsin-vote/,"Donald Trump, tweet, Nov. 18, 2020", ,https://twitter.com/realDonaldTrump/status/1329233502139715586,1329233502139715586
pants-fire,https://www.politifact.com/factchecks/2020/nov/19/donald-trump/trump-says-philly-democrats-stole-election-90s-tru/,,,,
pants-fire,https://www.politifact.com/factchecks/2020/nov/18/donald-trump/fact-checking-donald-trumps-tweet-firing-christoph/,"Donald J. Trump, Tweet, Nov. 17, 2020",https://archive.is/1gN5x,https://twitter.com/realDonaldTrump/status/1328852352787484677,1328852352787484677
pants-fire,https://www.politifact.com/factchecks/2020/nov/13/rudy-giuliani/giulianis-false-claim-more-600000-unlawful-votes-p/,"Rudy Giuliani, tweet, Nov.11, 2020", ,https://twitter.com/RudyGiuliani/status/1326719059602403328,1326719059602403328
pants-fire,https://www.politifact.com/factchecks/2020/nov/12/donald-trump/trumps-wrong-claim-election-observers-were-barred-/,"Donald J. Trump on Twitter, Nov. 11, 2020", ,https://twitter.com/realDonaldTrump/status/1326679385966047236?s=20,1326679385966047236
pants-fire,https://www.politifact.com/factchecks/2020/nov/12/donald-trump/trumps-tweet-about-27-million-deleted-votes-basele/,"PolitiFact, ""Trump, with help, is trying to sue and tweet his way to a second term. Could it work?"" Nov. 11, 2020", ,No URL for this!, 
pants-fire,https://www.politifact.com/factchecks/2020/nov/10/eric-trump/no-rock-county-did-not-have-glitch-stole-votes-tru/,"Eric Trump, tweet, Nov. 9, 2020", ,https://twitter.com/EricTrump/status/1326017351960174592,1326017351960174592
pants-fire,https://www.politifact.com/factchecks/2020/nov/04/tweets/no-wisconsin-doesnt-have-more-ballots-cast-registe/,"Mike Coudrey tweet, Nov. 4, 2020",https://archive.is/us8Os,https://twitter.com/MichaelCoudrey/status/1324018512055083008,1324018512055083008
pants-fire,https://www.politifact.com/factchecks/2020/oct/14/tweets/trump-retweets-benghazi-conspiracy-theory-falsely-/,,,,
pants-fire,https://www.politifact.com/factchecks/2020/oct/09/viral-image/no-trump-didnt-tweet-his-blood-vaccine/,"Donald Trump tweet, Oct. 6, 2020",https://archive.is/fPF89,https://twitter.com/realDonaldTrump/status/1313449844413992961,1313449844413992961
pants-fire,https://www.politifact.com/factchecks/2020/oct/08/donald-trump/trump-falsely-claims-democrats-want-shut-your-chur/,"Tweet from Cliff Maloney, Sept. 24, 2020",https://archive.vn/JRhq6,https://twitter.com/LibertyCliff/status/1309144326417666051,1309144326417666051
pants-fire,https://www.politifact.com/factchecks/2020/oct/05/instagram-posts/biden-didnt-tweet-or-wear-earpiece-during-debate/,"Joe Biden tweet, Sept. 29, 2020", ,https://twitter.com/JoeBiden/status/1311084592338735104,1311084592338735104
pants-fire,https://www.politifact.com/factchecks/2020/oct/02/tweets/trump-did-not-ask-supporters-421-million-help-him-/,"Tweet from Rev. James Woodall, Oct. 2, 2020",https://archive.vn/zTMEu,https://twitter.com/iMajorWish/status/1311989522255818753,1311989522255818753
pants-fire,https://www.politifact.com/factchecks/2020/oct/01/donald-trump/no-joe-biden-didnt-use-racist-hand-gesture-he-was-/,"Twitter, Trump War Room tweet, Oct. 1, 2020 ", ,https://twitter.com/TrumpWarRoom/status/1311701500880617478,1311701500880617478
pants-fire,https://www.politifact.com/factchecks/2020/sep/30/todd-starnes/todd-starnes-false-claim-joe-biden-got-debate-ques/,"Todd Starnes, tweet, Sept. 29, 2020", ,https://twitter.com/toddstarnes/status/1310964873271148546,1310964873271148546
pants-fire,https://www.politifact.com/factchecks/2020/sep/20/instagram-posts/dont-believe-faked-ruth-bader-ginsburg-tweet-about/,,,,
pants-fire,https://www.politifact.com/factchecks/2020/sep/16/donald-trump/trump-retweets-manipulated-video-falsely-suggestin/,"Donald J. Trump on Twitter, Sept. 16, 2020", ,https://twitter.com/realDonaldTrump/status/1306084770300997632?s=20,1306084770300997632
pants-fire,https://www.politifact.com/factchecks/2020/sep/10/facebook-posts/no-donald-trump-didnt-tweet-about-kaepernick-and-m/,"Twitter, Donald Trump twitter, accessed Sept. 10, 2020", ,https://twitter.com/realDonaldTrump?ref_src=twsrc%5Egoogle%7Ctwcamp%5Eserp%7Ctwgr%5Eauthor,No URL for this!
pants-fire,https://www.politifact.com/factchecks/2020/sep/04/donald-trump/yes-donald-trump-did-call-john-mccain-loser/,"Donald Trump, three linked tweets, Sep. 3, 2020", ,https://twitter.com/realDonaldTrump/status/1301710819349204992,1301710819349204992
pants-fire,https://www.politifact.com/factchecks/2020/sep/01/donald-trump/heres-why-trump-vastly-overreaches-claiming-credit/,"Donald Trump, tweet, Aug. 31, 2020", ,https://twitter.com/realdonaldtrump/status/1300420725837266944,1300420725837266944
pants-fire,https://www.politifact.com/factchecks/2020/aug/31/martha-mcsally/no-mark-kelly-does-not-want-defund-police/,"Twitter, @MarthaMcSally tweet, Aug. 18, 2020", ,https://twitter.com/MarthaMcSally/status/1295907870802735105?s=20,1295907870802735105
pants-fire,https://www.politifact.com/factchecks/2020/aug/18/donald-trump-jr/donald-trump-jr-distorts-michigan-data-dead-voters/,"Jason Miller, senior strategist for Donald Trump__ re-election campaign, tweet, August 15, 2020 ", ,https://twitter.com/JasonMillerinDC/status/1294651399863775232,1294651399863775232
pants-fire,https://www.politifact.com/factchecks/2020/aug/13/viral-image/donald-trump-didn-tweet-child-lifes-matter/,"Twitter, @realdonaltrump_, visited Aug. 11, 2020", ,https://twitter.com/realdonaltrump_,No URL for this!
pants-fire,https://www.politifact.com/factchecks/2020/jul/31/viral-image/no-trump-wasnt-caught-insulting-his-supporters/,"Tweet, July 29, 2020", ,https://twitter.com/RajivSi86412039/status/1288662699170082816?fbclid=IwAR1pfuKJigZvOaOy4u8Lomq9VCsmZaMH0hyc2nGdCKLpw09JEpwWCKhP6vM,1288662699170082816
pants-fire,https://www.politifact.com/factchecks/2020/jul/27/tweets/no-tom-brady-didnt-threaten-quit-over-teammates-kn/,"Twitter post, July 25, 2020",https://archive.fo/evkrr,https://twitter.com/ariellaonewland/status/1287129831306670080,1287129831306670080
pants-fire,https://www.politifact.com/factchecks/2020/jul/20/tweets/photo-lynn-forester-de-rothschild-has-been-doctore/,"Tweet, Feb. 11, 2019", ,https://twitter.com/Citruscrush/status/1094999286281048070?fbclid=IwAR20aObVHvlSdu-e2L2mTHXytMqgoGvH6tur4vLz0bU4E2p5k4NciEOAgiE,1094999286281048070
pants-fire,https://www.politifact.com/factchecks/2020/jul/20/facebook-posts/trump-didnt-tweet-about-south-dakota-california-bo/,"Twitter, Donald Trump twitter timeline, Accessed July 20, 2020", ,https://twitter.com/realdonaldtrump,No URL for this!
pants-fire,https://www.politifact.com/factchecks/2020/jul/20/viral-image/no-trump-didnt-tweet-about-confederate-flag/,"Politwoops, Deleted tweets from Donald J. Trump, R-D.C., visited July 20, 2020", ,No URL for this!, 
pants-fire,https://www.politifact.com/factchecks/2020/jun/23/viral-image/no-aoc-didnt-tweet-about-closing-businesses-until-/,"ProPublica, Deleted tweets from Alexandria Ocasio-Cortez, deleted tweets since Dec. 6, 2017", ,No URL for this!, 
pants-fire,https://www.politifact.com/factchecks/2020/jun/19/donald-trump/trump-shares-manipulated-toddler-video-targeting-c/,"Twitter, Donald Trump tweet, June 18, 2020 ",https://archive.fo/et8JR,https://twitter.com/realDonaldTrump/status/1273770669214490626,1273770669214490626
pants-fire,https://www.politifact.com/factchecks/2020/jun/04/donald-trump/donald-trumps-pants-fire-claim-he-gave-jim-mattis-/,"Donald Trump, tweet, June 3, 2020", ,https://twitter.com/realDonaldTrump/status/1268347256748507136,1268347256748507136
pants-fire,https://www.politifact.com/factchecks/2020/jun/02/facebook-posts/no-trump-didnt-tweet-george-floyds-family-was-hono/,"Twitter, @RealDonaldTrump, Accessed June 2, 2020", ,https://twitter.com/realDonaldTrump,No URL for this!
pants-fire,https://www.politifact.com/factchecks/2020/jun/01/donald-trump/trump-falsely-claims-dc-mayor-kept-police-white-ho/,"Donald J. Trump on Twitter, May 30, 2020", ,https://twitter.com/realDonaldTrump/status/1266711224391213056?s=20,1266711224391213056
pants-fire,https://www.politifact.com/factchecks/2020/may/27/donald-trump/trumps-pants-fire-claim-twitter-completely-stiflin/,"Donald J. Trump on Twitter, May 26, 2020", ,https://twitter.com/realDonaldTrump/status/1265427539008380928?s=20,1265427539008380928
pants-fire,https://www.politifact.com/factchecks/2020/may/27/donald-trump/trump-said-pa-rep-conor-lamb-backed-nancy-pelosi-h/,,,,
pants-fire,https://www.politifact.com/factchecks/2020/may/26/donald-trump/no-california-not-sending-mail-ballots-anyone-stat/,"President Trump__ tweet, May 26, 2020", ,https://twitter.com/realDonaldTrump/status/1265255835124539392,1265255835124539392
pants-fire,https://www.politifact.com/factchecks/2020/may/26/donald-trump/donald-trump-spreads-baseless-claim-msnbc-host-mur/,"Donald Trump, tweet, May 26, 2020", ,https://twitter.com/realDonaldTrump/status/1265271286789558273,1265271286789558273
pants-fire,https://www.politifact.com/factchecks/2020/may/20/donald-trump/trump-falsely-claims-michigan-sent-ballots-all-vot/,"President Donald Trump, Tweet, May 20, 2020", ,https://media-cdn.factba.se/realdonaldtrump-twitter/1263074783673102337.jpg,1263074783673102337
pants-fire,https://www.politifact.com/factchecks/2020/may/12/jeff-shipley/covid-19-vs-hpv-vaccine-covid-more-deadly/,,,,
pants-fire,https://www.politifact.com/factchecks/2020/apr/13/tweets/no-pat-robertson-didnt-say-covid-19-caused-oral-se/,"Twitter post, April 5, 2020. ", ,https://twitter.com/soapachu/status/1246793653294686208,1246793653294686208
pants-fire,https://www.politifact.com/factchecks/2020/mar/19/david-clarke-jr/former-sheriff-david-clarke-rants-coronavirus-just/,"Washington Times, Sheriff David Clarke cries censorship as Twitter says coronavirus tweets violated platform policy, March 17, 2020", ,https://www.washingtontimes.com/news/2020/mar/17/sheriff-david-clarke-cries-censorship-as-twitter-s/,No URL for this!
pants-fire,https://www.politifact.com/factchecks/2020/mar/19/viral-image/no-trump-didnt-tweet-about-1000-checks/,"Donald Trump Twitter account, visited March 18, 2020", ,https://twitter.com/realDonaldTrump?ref_src=twsrc%5Egoogle%7Ctwcamp%5Eserp%7Ctwgr%5Eauthor,No URL for this!
pants-fire,https://www.politifact.com/factchecks/2020/mar/11/tweets/no-daniel-radcliffe-does-not-have-coronavirus/,"Archive.is, Tweet, March 10, 2020 ",http://archive.vn/5DcJ8#selection-2979.10-2979.134,https://twitter.com/BBCNewsTonight/status/1237347552321830912?s=19,1237347552321830912
pants-fire,https://www.politifact.com/factchecks/2020/feb/29/tweets/chuck-schumer-didnt-delete-tweet-criticizing-trump/,"Politiwoops, feed of Chuck Schumer__ deleted tweets, accessed Feb. 29, 2020", ,No URL for this!, 
pants-fire,https://www.politifact.com/factchecks/2020/feb/05/charlie-kirk/charlie-kirk-wrongly-suggests-pelosi-broke-law-rip/,"Charlie Kirk on Twitter, Feb. 4, 2020", ,https://twitter.com/charliekirk11/status/1224918099486359552?s=21,1224918099486359552
pants-fire,https://www.politifact.com/factchecks/2020/feb/05/viral-image/no-trump-didnt-call-vermin-supreme-winner-iowa-cau/,"Donald Trump tweet, Feb. 4, 2020", ,https://twitter.com/realDonaldTrump/status/1224702718754856960?s=20,1224702718754856960
pants-fire,https://www.politifact.com/factchecks/2020/jan/30/tweets/no-drinking-bleach-will-not-ward-coronavirus/,"Twitter, Chief Police 2 tweet, Jan. 28, 2020", ,https://twitter.com/chiefpolice2/status/1222257165966041088,1222257165966041088
pants-fire,https://www.politifact.com/factchecks/2020/jan/27/viral-image/no-kobe-bryant-didnt-tweet-about-having-dirt-hilla/,"Kobe Bryant Twitter account, visited Jan. 27, 2020", ,https://twitter.com/kobebryant,No URL for this!
pants-fire,https://www.politifact.com/factchecks/2020/jan/15/donald-trump/trumps-claim-he-saved-pre-ex-conditions-part-fanta/,,,,
pants-fire,https://www.politifact.com/factchecks/2020/jan/07/paul-gosar/photo-barack-obama-shaking-hands-hassan-rouhani-do/,"Paul Gosar tweet, Jan. 6, 2020", ,https://twitter.com/drpaulgosar/status/1214276066086395906?s=12,1214276066086395906
pants-fire,https://www.politifact.com/factchecks/2020/jan/06/facebook-posts/false-2019-and-false-now-rashida-tlaib-did-not-twe/,"Twitter, @RashidaTlaib tweet, Jan. 6, 2020; tweet Jan. 3, 2020", ,https://twitter.com/RashidaTlaib?ref_src=twsrc%5Egoogle%7Ctwcamp%5Eserp%7Ctwgr%5Eauthor,No URL for this!
pants-fire,https://www.politifact.com/factchecks/2019/dec/18/nancy-pelosi/nancy-pelosi-claims-200k-will-be-prohibited-voting/,"Nancy Pelosi (Team Pelosi twitter account), tweet, Dec. 17, 2019", ,https://twitter.com/TeamPelosi/status/1206976392665149441,1206976392665149441
pants-fire,https://www.politifact.com/factchecks/2019/dec/09/viral-image/no-elizabeth-warren-didnt-say-shes-last-woman-colo/,"Elizabeth Warren official Senate Twitter account, visited Dec. 5, 2019", ,https://twitter.com/senwarren?lang=en,No URL for this!
pants-fire,https://www.politifact.com/factchecks/2019/dec/05/jeanne-ives/ives-wrongly-calls-castens-public-town-halls-invit/,"Tweet, Jeanne Ives, Dec. 3, 2019", ,https://twitter.com/JeanneIves/status/1201981418429173762,1201981418429173762
pants-fire,https://www.politifact.com/factchecks/2019/nov/21/viral-image/no-chris-wallace-didnt-call-donald-trump-bunch-nam/,"Donald Trump tweet, Nov. 17, 2019", ,No URL for this!, 
pants-fire,https://www.politifact.com/factchecks/2019/nov/15/donald-trump/trump-inaccurately-disparages-yovanovitch-somalia-/,"President Donald Trump, Tweet, Nov. 15, 2019", ,https://twitter.com/realDonaldTrump/status/1195356198347956224,1195356198347956224
pants-fire,https://www.politifact.com/factchecks/2019/oct/25/donald-trump/donald-trump-says-impeachment-coup-s-pants-fire/,"Donald Trump, tweet, Oct. 1, 2019", ,https://twitter.com/realDonaldTrump/status/1179179573541511176,1179179573541511176
pants-fire,https://www.politifact.com/factchecks/2019/oct/15/facebook-posts/no-barr-didnt-tweet-us-gave-iran-taxpayer-dollars-/,"Twitter, William Barr parody account, Accessed Oct. 14, 2019 ", ,https://twitter.com/AGWillliamBarr,No URL for this!
pants-fire,https://www.politifact.com/factchecks/2019/oct/09/donald-trump/donald-trump-whistleblower-got-phone-call-almost-c/,"Donald Trump, Tweet, Oct. 5, 2019", ,https://twitter.com/realDonaldTrump/status/1180653341539483650,1180653341539483650
pants-fire,https://www.politifact.com/factchecks/2019/oct/04/facebook-posts/monica-lewinsky-didnt-say-she-would-engage-oral-se/,"Twitter, @electorotting, Accessed Oct. 4, 2019", ,https://twitter.com/electorot,No URL for this!
pants-fire,https://www.politifact.com/factchecks/2019/oct/02/kaya-jones/donald-trump-third-term-failed-impeachment-would/,"Kaya Jones on Twitter, Oct. 1, 2019", ,https://twitter.com/KayaJones/status/1179224969642938368,1179224969642938368
pants-fire,https://www.politifact.com/factchecks/2019/sep/19/donald-trump/trump-retweets-false-claim-ilhan-omar-partied-911-/,"Terrence K. Williams on Twitter, Sept. 18, 2019",https://web.archive.org/web/20190918143017/https://twitter.com/w_terrence/status/1173743104098209792,No URL for this!,1173743104098209792
pants-fire,https://www.politifact.com/factchecks/2019/sep/06/facebook-posts/donald-trump-did-not-credit-florida-gov-ron-desant/,"Twitter page, Donald J. Trump, accessed Sept. 6, 2019", ,https://twitter.com/realDonaldTrump,No URL for this!
pants-fire,https://www.politifact.com/factchecks/2019/sep/05/donald-trump/trump-said-almost-all-models-predicted-dorian-woul/,"President Donald Trump, Tweet, 10:51 a.m. Sept. 1, 2019", ,https://twitter.com/realDonaldTrump/status/1168174613827899393?ref_src=twsrc%5Etfw%7Ctwcamp%5Etweetembed%7Ctwterm%5E1168174613827899393&ref_url=https%3A%2F%2Fslate.com%2Fnews-and-politics%2F2019%2F09%2Ftrump-slams-abc-dorian-affect-alabama.html,1168174613827899393
false,https://www.politifact.com/factchecks/2022/mar/23/tweets/web-hed-no-video-doesnt-show-china-eastern-airline/,"Twitter post, March 21, 2022",https://archive.ph/BDWLC,https://twitter.com/ajaydhapabjp/status/1505854973300678656?s=21,1505854973300678656
false,https://www.politifact.com/factchecks/2022/mar/16/tweets/american-megachurches-are-offering-support-ukraine/,"Twitter post, March 7, 2022",https://archive.ph/TW0Qy,https://twitter.com/tg22110/status/1501002813534580743?s=21,1501002813534580743
false,https://www.politifact.com/factchecks/2022/mar/14/tweets/no-zelenskys-hospital-visit-video-doesnt-feature-c/,"Russia Today on Twitter, March 13, 2022",https://archive.ph/mugoI,https://twitter.com/RT_russian/status/1503075131106680841?s=20&t=WBMbacBcFbfFdxQ9QndFCg,1503075131106680841
false,https://www.politifact.com/factchecks/2022/mar/14/tweets/no-document-doesnt-show-secret-ukrainian-military-/,"Twitter, Tweet by the Ministry of Foreign Affairs of the Russian Federation, March 9, 2022",https://archive.ph/QMaea,https://twitter.com/mfa_russia/status/1501461950735257602,1501461950735257602
false,https://www.politifact.com/factchecks/2022/mar/04/tweets/video-climate-change-protest-austria-it-doesnt-sho/,"Twitter post, March 1, 2022",https://archive.ph/WODLL,https://twitter.com/arunpudur/status/1498634033382961158,1498634033382961158
false,https://www.politifact.com/factchecks/2022/feb/28/greta-neubauer/republican-leaders-have-made-clear-they-dont-think/,"Tweet from Assembly Majority Leader Jim Steineke, Jan. 25, 2022", ,https://twitter.com/jimsteineke/status/1486109897838182401,1486109897838182401
false,https://www.politifact.com/factchecks/2022/feb/25/tweets/old-photo-empire-state-building-unrelated-ukraine-/,"Tweet, Feb. 23, 2022",https://archive.is/aFhby,https://twitter.com/AAARPGodess/status/1496719629019975682?s=20&t=iJ37bQrUA1pffTDg6gEVvw,1496719629019975682
false,https://www.politifact.com/factchecks/2022/feb/25/tweets/there-are-no-us-run-biolabs-ukraine-contrary-socia/,,,,
false,https://www.politifact.com/factchecks/2022/feb/16/tweets/charge-turning-point-usa-white-nationalist-group-f/,"Tweet from Randy Richardson, Feb. 6, 2022", ,https://twitter.com/RandyOnEd/status/1490492151171620864?s=20&t=a--bswcEx_PG4r-7D9n96Q,1490492151171620864
false,https://www.politifact.com/factchecks/2022/feb/15/facebook-posts/no-cdc-wasnt-normalizing-blood-clots-its-super-bow/,"CDC, tweets about blood clots from 2015, 2015, 2016, 2020, 2020", ,https://twitter.com/cdcgov/status/575763404729745409,575763404729745409
false,https://www.politifact.com/factchecks/2022/feb/14/tweets/those-titles-arent-banned-statewide-could-be-distr/,"Tweet by Twitter user @anthcondon, Feb. 1, 2022", ,https://twitter.com/AnthCondon/status/1488626860062035972,1488626860062035972
false,https://www.politifact.com/factchecks/2022/feb/14/tweets/no-onlyfans-isnt-recruiting-adult-film-stars-colle/,"Tweet (archived), Feb. 10, 2022", ,https://twitter.com/BabeeHyeinK2021/status/1491931343080636457,1491931343080636457
false,https://www.politifact.com/factchecks/2022/feb/08/tyler-lee/no-proof-immigrant-drop-offs-charlotte-suburb/,"Tweet by Tyler Lee, candidate for Congress in North Carolina, on Jan. 27, 2022.", ,https://twitter.com/votetylerlee/status/1486747574585417733,1486747574585417733
false,https://www.politifact.com/factchecks/2022/feb/02/tweets/ivermectin-study-showed-antiviral-effect-which-not/,"Daniel Dale Twitter post, Jan. 31, 2022", ,https://twitter.com/ddale8/status/1488338157816930308,1488338157816930308
false,https://www.politifact.com/factchecks/2022/feb/01/tweets/old-video-mischaracterized-showing-troops-ukraine-/,"Tweet, Jan. 27, 2022",https://archive.is/yDEte,https://twitter.com/shahjhan_malikk/status/1486750230146134021?s=20&t=oXpUqyuSNGIH1QTw8-WeAg,1486750230146134021
false,https://www.politifact.com/factchecks/2022/jan/31/thomas-massie/gop-rep-thomas-massie-wrongly-credits-neo-nazis-qu/,"Thomas Massie on Twitter (archived), Jan. 30, 2022", ,https://twitter.com/RepThomasMassie/status/1487872940431527941?s=20&t=iP2Im8O9wDn6ZKasMNBWzQ,1487872940431527941
false,https://www.politifact.com/factchecks/2022/jan/20/tweets/no-djokovic-isnt-first-athlete-be-banned-sporting-/,"Twitter post, Jan. 16, 2022",https://archive.is/4rhP2,https://twitter.com/dispropoganda/status/1482659522711859202,1482659522711859202
false,https://www.politifact.com/factchecks/2022/jan/13/viral-image/no-isnt-real-video-nadal-and-federer-laughing-djok/,,,,
false,https://www.politifact.com/factchecks/2022/jan/10/tweets/social-media-posts-try-connect-sagets-death-covid-/,"Tweet, Jan. 10, 2022",https://archive.is/dFroZ,https://twitter.com/BackBettr/status/1480572283588689928?s=20,1480572283588689928
false,https://www.politifact.com/factchecks/2022/jan/06/viral-image/messages-about-employer-mask-requirements-zoom-mee/,"Tweet, Jan. 5, 2022",https://archive.is/fEJNH,https://twitter.com/adamcarolla/status/1478807356989444102?s=20,1478807356989444102
false,https://www.politifact.com/factchecks/2021/dec/23/tweets/twitter-post-misconstrues-what-who-director-genera/,"Twitter post, Dec. 22, 2021", ,https://twitter.com/humptapuss/status/1473582386889723907?fbclid=IwAR3cgS0OGj91YQs2r-AUhy9Ld-dfI2Zt_YF74pH6Dk3LI7lLaTc5Zx7BLnk,1473582386889723907
false,https://www.politifact.com/factchecks/2021/dec/21/facebook-posts/kelloggs-tweet-about-striking-workers-fake/,"Kellogg__ on Twitter, accessed Dec. 21, 2021", ,https://twitter.com/kelloggsus?lang=en,No URL for this!
false,https://www.politifact.com/factchecks/2021/dec/20/facebook-posts/no-biontech-ceo-ugur-sahin-didnt-refuse-covid-19-v/,"Twitter post, Dec. 5, 2021", ,https://twitter.com/AnonCitizenUK/status/1467525765474443264?ref_src=twsrc%5Etfw%7Ctwcamp%5Etweetembed%7Ctwterm%5E1467525765474443264%7Ctwgr%5E%7Ctwcon%5Es1_&ref_url=https%3A%2F%2Fwww.snopes.com%2Ffact-check%2Fceo-biontech-refuse-vaccine%2F,1467525765474443264
false,https://www.politifact.com/factchecks/2021/dec/06/tweets/no-drinking-water-isnt-testing-positive-covid-19/,,,,
false,https://www.politifact.com/factchecks/2021/nov/26/jerrold-nadler/nadler-wrong-claim-rittenhouse-crossed-state-line-/,"Jerry Nadler, Twitter, Nov. 19, 2021", ,https://twitter.com/RepJerryNadler/status/1461775482496724998,1461775482496724998
false,https://www.politifact.com/factchecks/2021/nov/17/tweets/bill-gates-said-we-need-vaccines-halt-transmission/,"Twitter, post, Nov. 9, 2021 ",https://archive.md/Qco9E,https://twitter.com/ezralevant/status/1458213301951807488?ref_src=twsrc^tfw|twcamp^tweetembed|twterm^1458213301951807488|twgr^|twcon^s1_&ref_url=https://www.reuters.com/article/factcheck-coronavirus-gates-idUSL1N2S7292,1458213301951807488
false,https://www.politifact.com/factchecks/2021/nov/10/tweets/Those-are-not-diesel-generators-at-the-COP26-clim/,"Twitter, tweet, Nov. 9, 2021",https://archive.md/XPEHm,https://twitter.com/HarryWilkinsonn/status/1458082233768677391,1458082233768677391
false,https://www.politifact.com/factchecks/2021/nov/08/tweets/fox-says-live-reporting-va-governor-election-turno/,"Twitter search, Nov. 3, 2021", ,https://twitter.com/search?lang=en&q=fox%20virginia%2097%25%2094%25&src=typed_query,No URL for this!
false,https://www.politifact.com/factchecks/2021/oct/14/tweets/nearly-all-employees-complied-vaccine-mandate-unit/," Tweet, Oct. 7, 2021",https://archive.is/z9sYM/again?url=https://twitter.com/JackPosobiec/status/1446266547337670657,https://twitter.com/JackPosobiec/status/1446266547337670657,1446266547337670657
false,https://www.politifact.com/factchecks/2021/oct/13/kimberly-klacik/conservative-commentator-uses-outdated-photo-botch/,"Kimberly Klacik on Twitter, Facebook and Instagram, Oct. 13, 2021",No URL for this!, ,
false,https://www.politifact.com/factchecks/2021/oct/11/tweets/southwest-airline-pilots-union-deny-claims-anti-va/,"Tweets, Oct. 10, 2021",https://archive.is/7TTzh#selection-2979.0-2979.143,https://twitter.com/AlexeiArora/status/1447248417898520584?s=20,1447248417898520584
false,https://www.politifact.com/factchecks/2021/oct/11/rick-scott/rick-scott-wrongly-warns-fbi-coming-after-loud-par/,"Rick Scott, tweet, Oct. 5, 2021", ,https://twitter.com/SenRickScott/status/1445447577390878721,1445447577390878721
false,https://www.politifact.com/factchecks/2021/sep/17/mariannette-miller-meeks/does-christina-bohannan-want-abolish-law-enforceme/,"Mariannette Miller-Meeks tweet, Sept. 8, 2021", ,https://twitter.com/millermeeks/status/1435769027230683140,1435769027230683140
false,https://www.politifact.com/factchecks/2021/sep/14/jason-miyares/miyares-claim-about-herrings-role-parole-board-lac/,"Jason Miyares, Tweet, Sept. 2, 2021.", ,No URL for this!,
false,https://www.politifact.com/factchecks/2021/sep/02/kevin-mccarthy/house-gop-leader-kevin-mccarthy-wrong-telecom-law-/,"Kevin McCarthy, tweet, Aug. 31, 2021", ,https://twitter.com/GOPLeader/status/1432820807684739073?s=20,1432820807684739073
false,https://www.politifact.com/factchecks/2021/aug/31/tweets/viral-video-doesnt-show-taliban-hanging-body-helic/,"Various tweets, Aug. 30, 2021, and Aug. 31, 2021",No URL for this!, ,
false,https://www.politifact.com/factchecks/2021/aug/20/candace-owens/cdcs-not-going-put-people-high-risk-catching-covid/,"Candace Owens tweet, Aug. 9, 2021", ,https://twitter.com/RealCandaceO/status/1424855283755520006,1424855283755520006
false,https://www.politifact.com/factchecks/2021/aug/19/viral-image/doctored-al-jazeera-tweet-makes-claims-about-talib/,"Tweet, Aug. 18, 2021",https://archive.is/lVscT,https://mobile.twitter.com/ModiBharosa/status/1427889356715413504,1427889356715413504
false,https://www.politifact.com/factchecks/2021/aug/17/viral-image/fake-news-accounts-spread-false-information-about-/,"@CNNAfghan tweet, Aug. 16, 2021",https://archive.is/D6T6z,https://twitter.com/CNNAfghan/status/1427173520677556225?ref_src=twsrc^tfw|twcamp^tweetembed|twterm^1427173520677556225|twgr^|twcon^s1_&ref_url=https://kfiam640.iheart.com/content/2021-08-16-publisher-pleads-with-white-house-to-help-afghanistan-based-journalists/,1427173520677556225
false,https://www.politifact.com/factchecks/2021/aug/12/jack-posopiec/conservative-pundits-say-biden-and-democrats-want-/,"Jack Posobiec, Twitter, July 29, 2021", ,https://twitter.com/JackPosobiec/status/1420956806772371459,1420956806772371459
false,https://www.politifact.com/factchecks/2021/aug/04/rebecca-kleefisch/no-evers-didnt-say-wisconsin-was-permanently-close/,,,,
false,https://www.politifact.com/factchecks/2021/jul/22/national-house-republicans/no-joe-biden-doesnt-want-ban-handguns/,"House Republicans, Tweet, July 21, 2021", ,https://twitter.com/HouseGOP/status/1418020563679842304,1418020563679842304
false,https://www.politifact.com/factchecks/2021/jul/22/bobby-scott/scott-falsely-accuses-gop-defunding-police/,"Bobby Scott, Twitter, July 12, 2021.", ,https://twitter.com/BobbyScott,No URL for this!
false,https://www.politifact.com/factchecks/2021/jul/20/tweets/how-much-co2-did-bezos-rocket-ride-release-close-z/,"Twitter, tweet, July 20, 2021", ,https://twitter.com/Gav374/status/1417471820450631683,1417471820450631683
false,https://www.politifact.com/factchecks/2021/jul/13/tweets/viral-video-shows-soccer-celebration-buenos-aires-/,"Twitter post, July 11, 2021",https://archive.vn/ncy5t,https://twitter.com/lessuarez/status/1414400161942474762,1414400161942474762
false,https://www.politifact.com/factchecks/2021/jul/09/republican-national-committee-republican/gop-tweet-misfires-linking-crime-trends-democratic/,"Republican National Committee, tweet, June 29, 2021", ,https://twitter.com/GOP/status/1409988296034373635,1409988296034373635
false,https://www.politifact.com/factchecks/2021/jul/06/greg-hauenstein/no-iowas-back-blue-act-does-not-criminalize-wearin/,"Greg Hauenstein__ tweet, June 17, 2021", ,https://twitter.com/greghauenstein/status/1405609319270387714,1405609319270387714
false,https://www.politifact.com/factchecks/2021/jun/28/instagram-posts/image-suggesting-john-mcafee-stored-files-collapse/,"AllMyTweets.net, @officialmcafee search, accessed June 28, 2021", ,No URL for this!,
false,https://www.politifact.com/factchecks/2021/jun/23/trey-wingo/despite-popular-misconception-supreme-court-9-0-ru/,"Trey Wingo, tweet, June 21, 2021", ,https://twitter.com/wingoz/status/1406995579423576065,1406995579423576065
false,https://www.politifact.com/factchecks/2021/jun/17/facebook-posts/no-sign-spike-proteins-covid-19-vaccines-including/,"Twitter, post, June 14, 2021",https://archive.is/fhz18,https://twitter.com/RealDrJaneRuby/status/1404426304066404352,1404426304066404352
false,https://www.politifact.com/factchecks/2021/jun/15/charlie-kirk/fauci-isnt-making-millions-upcoming-national-geogr/,"Twitter, Charlie Kirk post, June 1, 2021", ,https://twitter.com/charliekirk11/status/1399861320174899202,1399861320174899202
false,https://www.politifact.com/factchecks/2021/jun/09/viral-image/no-anthony-bourdain-didnt-tweet-about-bat-soup-wuh/,"Anthony Bourdain tweet, May 22, 2018", ,https://twitter.com/Bourdain/status/998897484125614080,998897484125614080
false,https://www.politifact.com/factchecks/2021/jun/04/derrick-van-orden/no-american-rescue-plan-does-not-cost-more-world-w/,"Twitter, U.S. Rep. Ron Kind, May 11, 2021. ", ,https://mobile.twitter.com/RepRonKind/status/1392118844144164866,1392118844144164866
false,https://www.politifact.com/factchecks/2021/jun/03/tweets/cdc-did-not-change-its-criteria-what-considered-br/,"Twitter post, May 24, 2021",https://web.archive.org/web/20210601160016/https://twitter.com/erin_bsn/status/1396854077460463620?s=20,No URL for this!,
false,https://www.politifact.com/factchecks/2021/may/28/viral-image/donald-trump-posting-statements-online-hes-not-bac/,"Twitter, statement, Jan. 8, 2021", ,https://blog.twitter.com/en_us/topics/company/2020/suspension.html,No URL for this!
false,https://www.politifact.com/factchecks/2021/apr/29/kevin-parker/police-violence-leading-cause-death-young-black-me/,"Twitter, tweet, @SenatorParker, 11:50 a.m., April 14, 2021. ", ,https://twitter.com/SenatorParker/status/1382360699041673220?s=20,1382360699041673220
false,https://www.politifact.com/factchecks/2021/apr/27/black-lives-matter/no-proof-military-equipment-giveaway-soaring-under/,"Black Lives Matter, Tweet, April 20, 2021", ,https://twitter.com/Blklivesmatter/status/1384609598036979712,1384609598036979712
false,https://www.politifact.com/factchecks/2021/apr/26/viral-image/no-chicago-police-department-didnt-tweet-derek-cha/,"The New York Times, Sports world celebrates Chauvin verdict amid controversy over Raisers_ __ can__ breath_ tweet, April 20, 2021", ,No URL for this!,
false,https://www.politifact.com/factchecks/2021/apr/15/viral-image/no-majorie-taylor-greene-didnt-erase-matt-gaetz-he/,"@mattgaetz mentions in Majorie Taylor Greene__ Twitter accounts, searched April 14, 2021", ,https://twitter.com/search?q=(%40mattgaetz%20OR%20Matt%20OR%20Gaetz)%20(from%3ARepMTG%20OR%20from%3Amtgreenee)&src=typed_query&f=live,No URL for this!
false,https://www.politifact.com/factchecks/2021/apr/02/tweets/social-media-posts-wrongly-claim-vaccination-can-h/,"Tweet (archived), March 25, 2021", ,https://twitter.com/DanStevens1103/status/1375109535430553608?s=20,1375109535430553608